--
-- PostgreSQL database dump
--

-- Dumped from database version 15.6 (Debian 15.6-1.pgdg110+2)
-- Dumped by pg_dump version 15.6 (Debian 15.6-1.pgdg110+2)

SET statement_timeout = 0;
SET lock_timeout = 0;
SET idle_in_transaction_session_timeout = 0;
SET client_encoding = 'UTF8';
SET standard_conforming_strings = on;
SELECT pg_catalog.set_config('search_path', '', false);
SET check_function_bodies = false;
SET xmloption = content;
SET client_min_messages = warning;
SET row_security = off;

SET default_tablespace = '';

SET default_table_access_method = heap;

--
-- Name: auth_group; Type: TABLE; Schema: public; Owner: user
--

CREATE TABLE public.auth_group (
    id integer NOT NULL,
    name character varying(150) NOT NULL
);


ALTER TABLE public.auth_group OWNER TO "user";

--
-- Name: auth_group_id_seq; Type: SEQUENCE; Schema: public; Owner: user
--

ALTER TABLE public.auth_group ALTER COLUMN id ADD GENERATED BY DEFAULT AS IDENTITY (
    SEQUENCE NAME public.auth_group_id_seq
    START WITH 1
    INCREMENT BY 1
    NO MINVALUE
    NO MAXVALUE
    CACHE 1
);


--
-- Name: auth_group_permissions; Type: TABLE; Schema: public; Owner: user
--

CREATE TABLE public.auth_group_permissions (
    id bigint NOT NULL,
    group_id integer NOT NULL,
    permission_id integer NOT NULL
);


ALTER TABLE public.auth_group_permissions OWNER TO "user";

--
-- Name: auth_group_permissions_id_seq; Type: SEQUENCE; Schema: public; Owner: user
--

ALTER TABLE public.auth_group_permissions ALTER COLUMN id ADD GENERATED BY DEFAULT AS IDENTITY (
    SEQUENCE NAME public.auth_group_permissions_id_seq
    START WITH 1
    INCREMENT BY 1
    NO MINVALUE
    NO MAXVALUE
    CACHE 1
);


--
-- Name: auth_permission; Type: TABLE; Schema: public; Owner: user
--

CREATE TABLE public.auth_permission (
    id integer NOT NULL,
    name character varying(255) NOT NULL,
    content_type_id integer NOT NULL,
    codename character varying(100) NOT NULL
);


ALTER TABLE public.auth_permission OWNER TO "user";

--
-- Name: auth_permission_id_seq; Type: SEQUENCE; Schema: public; Owner: user
--

ALTER TABLE public.auth_permission ALTER COLUMN id ADD GENERATED BY DEFAULT AS IDENTITY (
    SEQUENCE NAME public.auth_permission_id_seq
    START WITH 1
    INCREMENT BY 1
    NO MINVALUE
    NO MAXVALUE
    CACHE 1
);


--
-- Name: auth_user; Type: TABLE; Schema: public; Owner: user
--

CREATE TABLE public.auth_user (
    id integer NOT NULL,
    password character varying(128) NOT NULL,
    last_login timestamp with time zone,
    is_superuser boolean NOT NULL,
    username character varying(150) NOT NULL,
    first_name character varying(150) NOT NULL,
    last_name character varying(150) NOT NULL,
    email character varying(254) NOT NULL,
    is_staff boolean NOT NULL,
    is_active boolean NOT NULL,
    date_joined timestamp with time zone NOT NULL
);


ALTER TABLE public.auth_user OWNER TO "user";

--
-- Name: auth_user_groups; Type: TABLE; Schema: public; Owner: user
--

CREATE TABLE public.auth_user_groups (
    id bigint NOT NULL,
    user_id integer NOT NULL,
    group_id integer NOT NULL
);


ALTER TABLE public.auth_user_groups OWNER TO "user";

--
-- Name: auth_user_groups_id_seq; Type: SEQUENCE; Schema: public; Owner: user
--

ALTER TABLE public.auth_user_groups ALTER COLUMN id ADD GENERATED BY DEFAULT AS IDENTITY (
    SEQUENCE NAME public.auth_user_groups_id_seq
    START WITH 1
    INCREMENT BY 1
    NO MINVALUE
    NO MAXVALUE
    CACHE 1
);


--
-- Name: auth_user_id_seq; Type: SEQUENCE; Schema: public; Owner: user
--

ALTER TABLE public.auth_user ALTER COLUMN id ADD GENERATED BY DEFAULT AS IDENTITY (
    SEQUENCE NAME public.auth_user_id_seq
    START WITH 1
    INCREMENT BY 1
    NO MINVALUE
    NO MAXVALUE
    CACHE 1
);


--
-- Name: auth_user_user_permissions; Type: TABLE; Schema: public; Owner: user
--

CREATE TABLE public.auth_user_user_permissions (
    id bigint NOT NULL,
    user_id integer NOT NULL,
    permission_id integer NOT NULL
);


ALTER TABLE public.auth_user_user_permissions OWNER TO "user";

--
-- Name: auth_user_user_permissions_id_seq; Type: SEQUENCE; Schema: public; Owner: user
--

ALTER TABLE public.auth_user_user_permissions ALTER COLUMN id ADD GENERATED BY DEFAULT AS IDENTITY (
    SEQUENCE NAME public.auth_user_user_permissions_id_seq
    START WITH 1
    INCREMENT BY 1
    NO MINVALUE
    NO MAXVALUE
    CACHE 1
);


--
-- Name: block; Type: TABLE; Schema: public; Owner: user
--

CREATE TABLE public.block (
    id bigint NOT NULL,
    target_id bigint NOT NULL,
    user_id bigint NOT NULL
);


ALTER TABLE public.block OWNER TO "user";

--
-- Name: block_id_seq; Type: SEQUENCE; Schema: public; Owner: user
--

ALTER TABLE public.block ALTER COLUMN id ADD GENERATED BY DEFAULT AS IDENTITY (
    SEQUENCE NAME public.block_id_seq
    START WITH 1
    INCREMENT BY 1
    NO MINVALUE
    NO MAXVALUE
    CACHE 1
);


--
-- Name: django_admin_log; Type: TABLE; Schema: public; Owner: user
--

CREATE TABLE public.django_admin_log (
    id integer NOT NULL,
    action_time timestamp with time zone NOT NULL,
    object_id text,
    object_repr character varying(200) NOT NULL,
    action_flag smallint NOT NULL,
    change_message text NOT NULL,
    content_type_id integer,
    user_id integer NOT NULL,
    CONSTRAINT django_admin_log_action_flag_check CHECK ((action_flag >= 0))
);


ALTER TABLE public.django_admin_log OWNER TO "user";

--
-- Name: django_admin_log_id_seq; Type: SEQUENCE; Schema: public; Owner: user
--

ALTER TABLE public.django_admin_log ALTER COLUMN id ADD GENERATED BY DEFAULT AS IDENTITY (
    SEQUENCE NAME public.django_admin_log_id_seq
    START WITH 1
    INCREMENT BY 1
    NO MINVALUE
    NO MAXVALUE
    CACHE 1
);


--
-- Name: django_content_type; Type: TABLE; Schema: public; Owner: user
--

CREATE TABLE public.django_content_type (
    id integer NOT NULL,
    app_label character varying(100) NOT NULL,
    model character varying(100) NOT NULL
);


ALTER TABLE public.django_content_type OWNER TO "user";

--
-- Name: django_content_type_id_seq; Type: SEQUENCE; Schema: public; Owner: user
--

ALTER TABLE public.django_content_type ALTER COLUMN id ADD GENERATED BY DEFAULT AS IDENTITY (
    SEQUENCE NAME public.django_content_type_id_seq
    START WITH 1
    INCREMENT BY 1
    NO MINVALUE
    NO MAXVALUE
    CACHE 1
);


--
-- Name: django_migrations; Type: TABLE; Schema: public; Owner: user
--

CREATE TABLE public.django_migrations (
    id bigint NOT NULL,
    app character varying(255) NOT NULL,
    name character varying(255) NOT NULL,
    applied timestamp with time zone NOT NULL
);


ALTER TABLE public.django_migrations OWNER TO "user";

--
-- Name: django_migrations_id_seq; Type: SEQUENCE; Schema: public; Owner: user
--

ALTER TABLE public.django_migrations ALTER COLUMN id ADD GENERATED BY DEFAULT AS IDENTITY (
    SEQUENCE NAME public.django_migrations_id_seq
    START WITH 1
    INCREMENT BY 1
    NO MINVALUE
    NO MAXVALUE
    CACHE 1
);


--
-- Name: django_session; Type: TABLE; Schema: public; Owner: user
--

CREATE TABLE public.django_session (
    session_key character varying(40) NOT NULL,
    session_data text NOT NULL,
    expire_date timestamp with time zone NOT NULL
);


ALTER TABLE public.django_session OWNER TO "user";

--
-- Name: friend; Type: TABLE; Schema: public; Owner: user
--

CREATE TABLE public.friend (
    id bigint NOT NULL,
    target_id bigint NOT NULL,
    user_id bigint NOT NULL
);


ALTER TABLE public.friend OWNER TO "user";

--
-- Name: friend_id_seq; Type: SEQUENCE; Schema: public; Owner: user
--

ALTER TABLE public.friend ALTER COLUMN id ADD GENERATED BY DEFAULT AS IDENTITY (
    SEQUENCE NAME public.friend_id_seq
    START WITH 1
    INCREMENT BY 1
    NO MINVALUE
    NO MAXVALUE
    CACHE 1
);


--
-- Name: game; Type: TABLE; Schema: public; Owner: user
--

CREATE TABLE public.game (
    id bigint NOT NULL,
    game_option character varying(100) NOT NULL,
    game_mode character varying(100) NOT NULL,
    start_time timestamp with time zone,
    end_time timestamp with time zone
);


ALTER TABLE public.game OWNER TO "user";

--
-- Name: game_id_seq; Type: SEQUENCE; Schema: public; Owner: user
--

ALTER TABLE public.game ALTER COLUMN id ADD GENERATED BY DEFAULT AS IDENTITY (
    SEQUENCE NAME public.game_id_seq
    START WITH 1
    INCREMENT BY 1
    NO MINVALUE
    NO MAXVALUE
    CACHE 1
);


--
-- Name: members; Type: TABLE; Schema: public; Owner: user
--

CREATE TABLE public.members (
    id bigint NOT NULL,
    nickname character varying(255) NOT NULL,
    email character varying(255) NOT NULL,
    is_2fa boolean,
    image_url character varying(255),
    two_factor_secret character varying(255),
    created_at timestamp with time zone,
    modified_at timestamp with time zone,
    deleted_at timestamp with time zone,
    status character varying(100) NOT NULL
);


ALTER TABLE public.members OWNER TO "user";

--
-- Name: members_id_seq; Type: SEQUENCE; Schema: public; Owner: user
--

ALTER TABLE public.members ALTER COLUMN id ADD GENERATED BY DEFAULT AS IDENTITY (
    SEQUENCE NAME public.members_id_seq
    START WITH 1
    INCREMENT BY 1
    NO MINVALUE
    NO MAXVALUE
    CACHE 1
);


--
-- Name: otp_totp_totpdevice; Type: TABLE; Schema: public; Owner: user
--

CREATE TABLE public.otp_totp_totpdevice (
    id integer NOT NULL,
    name character varying(64) NOT NULL,
    confirmed boolean NOT NULL,
    key character varying(80) NOT NULL,
    step smallint NOT NULL,
    t0 bigint NOT NULL,
    digits smallint NOT NULL,
    tolerance smallint NOT NULL,
    drift smallint NOT NULL,
    last_t bigint NOT NULL,
    user_id integer NOT NULL,
    throttling_failure_count integer NOT NULL,
    throttling_failure_timestamp timestamp with time zone,
    CONSTRAINT otp_totp_totpdevice_digits_check CHECK ((digits >= 0)),
    CONSTRAINT otp_totp_totpdevice_step_check CHECK ((step >= 0)),
    CONSTRAINT otp_totp_totpdevice_throttling_failure_count_check CHECK ((throttling_failure_count >= 0)),
    CONSTRAINT otp_totp_totpdevice_tolerance_check CHECK ((tolerance >= 0))
);


ALTER TABLE public.otp_totp_totpdevice OWNER TO "user";

--
-- Name: otp_totp_totpdevice_id_seq; Type: SEQUENCE; Schema: public; Owner: user
--

ALTER TABLE public.otp_totp_totpdevice ALTER COLUMN id ADD GENERATED BY DEFAULT AS IDENTITY (
    SEQUENCE NAME public.otp_totp_totpdevice_id_seq
    START WITH 1
    INCREMENT BY 1
    NO MINVALUE
    NO MAXVALUE
    CACHE 1
);


--
-- Name: participant; Type: TABLE; Schema: public; Owner: user
--

CREATE TABLE public.participant (
    id bigint NOT NULL,
    score integer,
    result character varying(50) NOT NULL,
    opponent_id integer,
    game_id_id bigint NOT NULL,
    user_id_id bigint NOT NULL
);


ALTER TABLE public.participant OWNER TO "user";

--
-- Name: participant_id_seq; Type: SEQUENCE; Schema: public; Owner: user
--

ALTER TABLE public.participant ALTER COLUMN id ADD GENERATED BY DEFAULT AS IDENTITY (
    SEQUENCE NAME public.participant_id_seq
    START WITH 1
    INCREMENT BY 1
    NO MINVALUE
    NO MAXVALUE
    CACHE 1
);


--
-- Name: tournament_game; Type: TABLE; Schema: public; Owner: user
--

CREATE TABLE public.tournament_game (
    id bigint NOT NULL,
    round character varying(50) NOT NULL,
    game_id_id bigint NOT NULL,
    tournament_id_id bigint NOT NULL
);


ALTER TABLE public.tournament_game OWNER TO "user";

--
-- Name: tournament_game_id_seq; Type: SEQUENCE; Schema: public; Owner: user
--

ALTER TABLE public.tournament_game ALTER COLUMN id ADD GENERATED BY DEFAULT AS IDENTITY (
    SEQUENCE NAME public.tournament_game_id_seq
    START WITH 1
    INCREMENT BY 1
    NO MINVALUE
    NO MAXVALUE
    CACHE 1
);


--
-- Name: tournaments_tournament; Type: TABLE; Schema: public; Owner: user
--

CREATE TABLE public.tournaments_tournament (
    id bigint NOT NULL
);


ALTER TABLE public.tournaments_tournament OWNER TO "user";

--
-- Name: tournaments_tournament_id_seq; Type: SEQUENCE; Schema: public; Owner: user
--

ALTER TABLE public.tournaments_tournament ALTER COLUMN id ADD GENERATED BY DEFAULT AS IDENTITY (
    SEQUENCE NAME public.tournaments_tournament_id_seq
    START WITH 1
    INCREMENT BY 1
    NO MINVALUE
    NO MAXVALUE
    CACHE 1
);


--
-- Data for Name: auth_group; Type: TABLE DATA; Schema: public; Owner: user
--

COPY public.auth_group (id, name) FROM stdin;
\.


--
-- Data for Name: auth_group_permissions; Type: TABLE DATA; Schema: public; Owner: user
--

COPY public.auth_group_permissions (id, group_id, permission_id) FROM stdin;
\.


--
-- Data for Name: auth_permission; Type: TABLE DATA; Schema: public; Owner: user
--

COPY public.auth_permission (id, name, content_type_id, codename) FROM stdin;
1	Can add log entry	1	add_logentry
2	Can change log entry	1	change_logentry
3	Can delete log entry	1	delete_logentry
4	Can view log entry	1	view_logentry
5	Can add permission	2	add_permission
6	Can change permission	2	change_permission
7	Can delete permission	2	delete_permission
8	Can view permission	2	view_permission
9	Can add group	3	add_group
10	Can change group	3	change_group
11	Can delete group	3	delete_group
12	Can view group	3	view_group
13	Can add user	4	add_user
14	Can change user	4	change_user
15	Can delete user	4	delete_user
16	Can view user	4	view_user
17	Can add content type	5	add_contenttype
18	Can change content type	5	change_contenttype
19	Can delete content type	5	delete_contenttype
20	Can view content type	5	view_contenttype
21	Can add session	6	add_session
22	Can change session	6	change_session
23	Can delete session	6	delete_session
24	Can view session	6	view_session
25	Can add game	7	add_game
26	Can change game	7	change_game
27	Can delete game	7	delete_game
28	Can view game	7	view_game
29	Can add participant	8	add_participant
30	Can change participant	8	change_participant
31	Can delete participant	8	delete_participant
32	Can view participant	8	view_participant
33	Can add friend	9	add_friend
34	Can change friend	9	change_friend
35	Can delete friend	9	delete_friend
36	Can view friend	9	view_friend
37	Can add block	10	add_block
38	Can change block	10	change_block
39	Can delete block	10	delete_block
40	Can view block	10	view_block
41	Can add tournament	11	add_tournament
42	Can change tournament	11	change_tournament
43	Can delete tournament	11	delete_tournament
44	Can view tournament	11	view_tournament
45	Can add tournament game	12	add_tournamentgame
46	Can change tournament game	12	change_tournamentgame
47	Can delete tournament game	12	delete_tournamentgame
48	Can view tournament game	12	view_tournamentgame
49	Can add members	13	add_members
50	Can change members	13	change_members
51	Can delete members	13	delete_members
52	Can view members	13	view_members
53	Can add TOTP device	14	add_totpdevice
54	Can change TOTP device	14	change_totpdevice
55	Can delete TOTP device	14	delete_totpdevice
56	Can view TOTP device	14	view_totpdevice
\.


--
-- Data for Name: auth_user; Type: TABLE DATA; Schema: public; Owner: user
--

COPY public.auth_user (id, password, last_login, is_superuser, username, first_name, last_name, email, is_staff, is_active, date_joined) FROM stdin;
\.


--
-- Data for Name: auth_user_groups; Type: TABLE DATA; Schema: public; Owner: user
--

COPY public.auth_user_groups (id, user_id, group_id) FROM stdin;
\.


--
-- Data for Name: auth_user_user_permissions; Type: TABLE DATA; Schema: public; Owner: user
--

COPY public.auth_user_user_permissions (id, user_id, permission_id) FROM stdin;
\.


--
-- Data for Name: block; Type: TABLE DATA; Schema: public; Owner: user
--

COPY public.block (id, target_id, user_id) FROM stdin;
\.


--
-- Data for Name: django_admin_log; Type: TABLE DATA; Schema: public; Owner: user
--

COPY public.django_admin_log (id, action_time, object_id, object_repr, action_flag, change_message, content_type_id, user_id) FROM stdin;
\.


--
-- Data for Name: django_content_type; Type: TABLE DATA; Schema: public; Owner: user
--

COPY public.django_content_type (id, app_label, model) FROM stdin;
1	admin	logentry
2	auth	permission
3	auth	group
4	auth	user
5	contenttypes	contenttype
6	sessions	session
7	games	game
8	games	participant
9	social	friend
10	social	block
11	tournaments	tournament
12	tournaments	tournamentgame
13	members	members
14	otp_totp	totpdevice
\.


--
-- Data for Name: django_migrations; Type: TABLE DATA; Schema: public; Owner: user
--

COPY public.django_migrations (id, app, name, applied) FROM stdin;
1	contenttypes	0001_initial	2024-03-20 06:21:52.866348+00
2	auth	0001_initial	2024-03-20 06:21:53.193417+00
3	admin	0001_initial	2024-03-20 06:21:53.256312+00
4	admin	0002_logentry_remove_auto_add	2024-03-20 06:21:53.261692+00
5	admin	0003_logentry_add_action_flag_choices	2024-03-20 06:21:53.266007+00
6	contenttypes	0002_remove_content_type_name	2024-03-20 06:21:53.27877+00
7	auth	0002_alter_permission_name_max_length	2024-03-20 06:21:53.283841+00
8	auth	0003_alter_user_email_max_length	2024-03-20 06:21:53.288135+00
9	auth	0004_alter_user_username_opts	2024-03-20 06:21:53.292074+00
10	auth	0005_alter_user_last_login_null	2024-03-20 06:21:53.296713+00
11	auth	0006_require_contenttypes_0002	2024-03-20 06:21:53.298647+00
12	auth	0007_alter_validators_add_error_messages	2024-03-20 06:21:53.303524+00
13	auth	0008_alter_user_username_max_length	2024-03-20 06:21:53.325327+00
14	auth	0009_alter_user_last_name_max_length	2024-03-20 06:21:53.330726+00
15	auth	0010_alter_group_name_max_length	2024-03-20 06:21:53.337544+00
16	auth	0011_update_proxy_permissions	2024-03-20 06:21:53.342087+00
17	auth	0012_alter_user_first_name_max_length	2024-03-20 06:21:53.346341+00
18	members	0001_initial	2024-03-20 06:21:53.38476+00
19	games	0001_initial	2024-03-20 06:21:53.469747+00
20	otp_totp	0001_initial	2024-03-20 06:21:53.517864+00
21	otp_totp	0002_auto_20190420_0723	2024-03-20 06:21:53.558368+00
22	sessions	0001_initial	2024-03-20 06:21:53.596256+00
23	social	0001_initial	2024-03-20 06:21:53.705341+00
24	tournaments	0001_initial	2024-03-20 06:21:53.781506+00
\.


--
-- Data for Name: django_session; Type: TABLE DATA; Schema: public; Owner: user
--

COPY public.django_session (session_key, session_data, expire_date) FROM stdin;
\.


--
-- Data for Name: friend; Type: TABLE DATA; Schema: public; Owner: user
--

COPY public.friend (id, target_id, user_id) FROM stdin;
1	1	2
2	6	1
3	7	1
4	8	1
5	9	1
6	10	1
7	11	1
8	12	1
9	13	1
10	14	1
11	15	1
12	16	1
13	17	1
14	18	1
15	19	1
16	20	1
17	21	1
18	22	1
19	23	1
20	24	1
21	25	1
22	26	1
23	27	1
24	28	1
25	29	1
26	30	1
27	31	1
28	32	1
29	33	1
30	34	1
31	35	1
32	36	1
33	37	1
34	38	1
35	39	1
36	40	1
37	41	1
38	42	1
39	43	1
40	44	1
41	45	1
42	46	1
43	47	1
44	48	1
45	49	1
46	50	1
47	51	1
48	52	1
49	53	1
50	54	1
51	55	1
52	56	1
53	57	1
54	58	1
55	59	1
56	60	1
57	61	1
58	62	1
59	63	1
60	64	1
61	65	1
62	66	1
63	67	1
64	68	1
65	69	1
66	70	1
67	71	1
68	72	1
69	73	1
70	74	1
71	75	1
72	76	1
73	77	1
74	78	1
75	79	1
76	80	1
77	81	1
78	82	1
79	83	1
80	84	1
81	85	1
82	86	1
83	87	1
84	88	1
85	89	1
86	90	1
87	91	1
88	92	1
89	93	1
90	94	1
91	95	1
92	96	1
93	97	1
94	98	1
95	99	1
96	100	1
97	101	1
98	102	1
99	103	1
100	104	1
101	105	1
102	106	1
103	6	2
104	7	2
105	8	2
106	9	2
107	10	2
108	11	2
109	12	2
110	13	2
111	14	2
112	15	2
113	16	2
114	17	2
115	18	2
116	19	2
117	20	2
118	21	2
119	22	2
120	23	2
121	24	2
122	25	2
123	26	2
124	27	2
125	28	2
126	29	2
127	30	2
128	31	2
129	32	2
130	33	2
131	34	2
132	35	2
133	36	2
134	37	2
135	38	2
136	39	2
137	40	2
138	41	2
139	42	2
140	43	2
141	44	2
142	45	2
143	46	2
144	47	2
145	48	2
146	49	2
147	50	2
148	51	2
149	52	2
150	53	2
151	54	2
152	55	2
153	56	2
154	57	2
155	58	2
156	59	2
157	60	2
158	61	2
159	62	2
160	63	2
161	64	2
162	65	2
163	66	2
164	67	2
165	68	2
166	69	2
167	70	2
168	71	2
169	72	2
170	73	2
171	74	2
172	75	2
173	76	2
174	77	2
175	78	2
176	79	2
177	80	2
178	81	2
179	82	2
180	83	2
181	84	2
182	85	2
183	86	2
184	87	2
185	88	2
186	89	2
187	90	2
188	91	2
189	92	2
190	93	2
191	94	2
192	95	2
193	96	2
194	97	2
195	98	2
196	99	2
197	100	2
198	101	2
199	102	2
200	103	2
201	104	2
202	105	2
203	106	2
204	6	3
205	7	3
206	8	3
207	9	3
208	10	3
209	11	3
210	12	3
211	13	3
212	14	3
213	15	3
214	16	3
215	17	3
216	18	3
217	19	3
218	20	3
219	21	3
220	22	3
221	23	3
222	24	3
223	25	3
224	26	3
225	27	3
226	28	3
227	29	3
228	30	3
229	31	3
230	32	3
231	33	3
232	34	3
233	35	3
234	36	3
235	37	3
236	38	3
237	39	3
238	40	3
239	41	3
240	42	3
241	43	3
242	44	3
243	45	3
244	46	3
245	47	3
246	48	3
247	49	3
248	50	3
249	51	3
250	52	3
251	53	3
252	54	3
253	55	3
254	56	3
255	57	3
256	58	3
257	59	3
258	60	3
259	61	3
260	62	3
261	63	3
262	64	3
263	65	3
264	66	3
265	67	3
266	68	3
267	69	3
268	70	3
269	71	3
270	72	3
271	73	3
272	74	3
273	75	3
274	76	3
275	77	3
276	78	3
277	79	3
278	80	3
279	81	3
280	82	3
281	83	3
282	84	3
283	85	3
284	86	3
285	87	3
286	88	3
287	89	3
288	90	3
289	91	3
290	92	3
291	93	3
292	94	3
293	95	3
294	96	3
295	97	3
296	98	3
297	99	3
298	100	3
299	101	3
300	102	3
301	103	3
302	104	3
303	105	3
304	106	3
305	6	4
306	7	4
307	8	4
308	9	4
309	10	4
310	11	4
311	12	4
312	13	4
313	14	4
314	15	4
315	16	4
316	17	4
317	18	4
318	19	4
319	20	4
320	21	4
321	22	4
322	23	4
323	24	4
324	25	4
325	26	4
326	27	4
327	28	4
328	29	4
329	30	4
330	31	4
331	32	4
332	33	4
333	34	4
334	35	4
335	36	4
336	37	4
337	38	4
338	39	4
339	40	4
340	41	4
341	42	4
342	43	4
343	44	4
344	45	4
345	46	4
346	47	4
347	48	4
348	49	4
349	50	4
350	51	4
351	52	4
352	53	4
353	54	4
354	55	4
355	56	4
356	57	4
357	58	4
358	59	4
359	60	4
360	61	4
361	62	4
362	63	4
363	64	4
364	65	4
365	66	4
366	67	4
367	68	4
368	69	4
369	70	4
370	71	4
371	72	4
372	73	4
373	74	4
374	75	4
375	76	4
376	77	4
377	78	4
378	79	4
379	80	4
380	81	4
381	82	4
382	83	4
383	84	4
384	85	4
385	86	4
386	87	4
387	88	4
388	89	4
389	90	4
390	91	4
391	92	4
392	93	4
393	94	4
394	95	4
395	96	4
396	97	4
397	98	4
398	99	4
399	100	4
400	101	4
401	102	4
402	103	4
403	104	4
404	105	4
405	106	4
406	6	5
407	7	5
408	8	5
409	9	5
410	10	5
411	11	5
412	12	5
413	13	5
414	14	5
415	15	5
416	16	5
417	17	5
418	18	5
419	19	5
420	20	5
421	21	5
422	22	5
423	23	5
424	24	5
425	25	5
426	26	5
427	27	5
428	28	5
429	29	5
430	30	5
431	31	5
432	32	5
433	33	5
434	34	5
435	35	5
436	36	5
437	37	5
438	38	5
439	39	5
440	40	5
441	41	5
442	42	5
443	43	5
444	44	5
445	45	5
446	46	5
447	47	5
448	48	5
449	49	5
450	50	5
451	51	5
452	52	5
453	53	5
454	54	5
455	55	5
456	56	5
457	57	5
458	58	5
459	59	5
460	60	5
461	61	5
462	62	5
463	63	5
464	64	5
465	65	5
466	66	5
467	67	5
468	68	5
469	69	5
470	70	5
471	71	5
472	72	5
473	73	5
474	74	5
475	75	5
476	76	5
477	77	5
478	78	5
479	79	5
480	80	5
481	81	5
482	82	5
483	83	5
484	84	5
485	85	5
486	86	5
487	87	5
488	88	5
489	89	5
490	90	5
491	91	5
492	92	5
493	93	5
494	94	5
495	95	5
496	96	5
497	97	5
498	98	5
499	99	5
500	100	5
501	101	5
502	102	5
503	103	5
504	104	5
505	105	5
506	106	5
507	2	1
508	3	1
509	4	1
510	5	1
511	3	2
512	4	2
513	5	2
514	2	3
515	4	3
516	5	3
517	2	4
518	3	4
519	5	4
520	2	5
521	3	5
522	4	5
\.


--
-- Data for Name: game; Type: TABLE DATA; Schema: public; Owner: user
--

COPY public.game (id, game_option, game_mode, start_time, end_time) FROM stdin;
\.


--
-- Data for Name: members; Type: TABLE DATA; Schema: public; Owner: user
--

COPY public.members (id, nickname, email, is_2fa, image_url, two_factor_secret, created_at, modified_at, deleted_at, status) FROM stdin;
11	user11	user11@example.com	f	./src/images/none_profile.png	\N	2024-03-20 07:10:09.421316+00	2024-03-20 07:10:09.421316+00	\N	OFFLINE
54	user54	user54@example.com	f	./src/images/none_profile.png	\N	2024-03-20 07:10:09.421316+00	2024-03-20 07:10:09.421316+00	\N	OFFLINE
57	user57	user57@example.com	f	./src/images/none_profile.png	\N	2024-03-20 07:10:09.421316+00	2024-03-20 07:10:09.421316+00	\N	OFFLINE
1	eunbikim	eunbikim@student.42seoul.kr	f	./src/images/none_profile.png	\N	2024-03-20 06:26:15.912549+00	2024-03-20 06:26:15.912562+00	\N	OFFLINE
2	seonjeon	seonjeon@student.42seoul.kr	f	./src/images/none_profile.png	\N	2024-03-20 06:26:15.912549+00	2024-03-20 06:26:15.912562+00	\N	OFFLINE
3	juelee	juelee@student.42seoul.kr	f	./src/images/none_profile.png	\N	2024-03-20 06:26:15.912549+00	2024-03-20 06:26:15.912562+00	\N	OFFLINE
4	hyoh	hyoh@student.42seoul.kr	f	./src/images/none_profile.png	\N	2024-03-20 06:26:15.912549+00	2024-03-20 06:26:15.912562+00	\N	OFFLINE
5	hahlee	hahlee@student.42seoul.kr	f	./src/images/none_profile.png	\N	2024-03-20 06:26:15.912549+00	2024-03-20 06:26:15.912562+00	\N	OFFLINE
6	yujelee	yujelee@student.42seoul.kr	f	./src/images/none_profile.png	\N	2024-03-20 06:26:15.912549+00	2024-03-20 06:26:15.912562+00	\N	OFFLINE
69	user69	user69@example.com	f	./src/images/none_profile.png	\N	2024-03-20 07:10:09.421316+00	2024-03-20 07:10:09.421316+00	\N	OFFLINE
85	user85	user85@example.com	f	./src/images/none_profile.png	\N	2024-03-20 07:10:09.421316+00	2024-03-20 07:10:09.421316+00	\N	OFFLINE
84	user84	user84@example.com	f	./src/images/none_profile.png	\N	2024-03-20 07:10:09.421316+00	2024-03-20 07:10:09.421316+00	\N	OFFLINE
43	user43	user43@example.com	f	./src/images/none_profile.png	\N	2024-03-20 07:10:09.421316+00	2024-03-20 07:10:09.421316+00	\N	OFFLINE
10	user10	user10@example.com	f	./src/images/none_profile.png	\N	2024-03-20 07:10:09.421316+00	2024-03-20 07:10:09.421316+00	\N	OFFLINE
8	user8	user8@example.com	f	./src/images/none_profile.png	\N	2024-03-20 07:10:09.421316+00	2024-03-20 07:10:09.421316+00	\N	OFFLINE
42	user42	user42@example.com	f	./src/images/none_profile.png	\N	2024-03-20 07:10:09.421316+00	2024-03-20 07:10:09.421316+00	\N	OFFLINE
45	user45	user45@example.com	f	./src/images/none_profile.png	\N	2024-03-20 07:10:09.421316+00	2024-03-20 07:10:09.421316+00	\N	OFFLINE
65	user65	user65@example.com	f	./src/images/none_profile.png	\N	2024-03-20 07:10:09.421316+00	2024-03-20 07:10:09.421316+00	\N	OFFLINE
89	user89	user89@example.com	f	./src/images/none_profile.png	\N	2024-03-20 07:10:09.421316+00	2024-03-20 07:10:09.421316+00	\N	OFFLINE
31	user31	user31@example.com	f	./src/images/none_profile.png	\N	2024-03-20 07:10:09.421316+00	2024-03-20 07:10:09.421316+00	\N	OFFLINE
58	user58	user58@example.com	f	./src/images/none_profile.png	\N	2024-03-20 07:10:09.421316+00	2024-03-20 07:10:09.421316+00	\N	OFFLINE
7	user7	user7@example.com	f	./src/images/none_profile.png	\N	2024-03-20 07:10:09.421316+00	2024-03-20 07:10:09.421316+00	\N	OFFLINE
81	user81	user81@example.com	f	./src/images/none_profile.png	\N	2024-03-20 07:10:09.421316+00	2024-03-20 07:10:09.421316+00	\N	OFFLINE
73	user73	user73@example.com	f	./src/images/none_profile.png	\N	2024-03-20 07:10:09.421316+00	2024-03-20 07:10:09.421316+00	\N	OFFLINE
15	user15	user15@example.com	f	./src/images/none_profile.png	\N	2024-03-20 07:10:09.421316+00	2024-03-20 07:10:09.421316+00	\N	OFFLINE
23	user23	user23@example.com	f	./src/images/none_profile.png	\N	2024-03-20 07:10:09.421316+00	2024-03-20 07:10:09.421316+00	\N	OFFLINE
17	user17	user17@example.com	f	./src/images/none_profile.png	\N	2024-03-20 07:10:09.421316+00	2024-03-20 07:10:09.421316+00	\N	OFFLINE
52	user52	user52@example.com	f	./src/images/none_profile.png	\N	2024-03-20 07:10:09.421316+00	2024-03-20 07:10:09.421316+00	\N	OFFLINE
50	user50	user50@example.com	f	./src/images/none_profile.png	\N	2024-03-20 07:10:09.421316+00	2024-03-20 07:10:09.421316+00	\N	OFFLINE
41	user41	user41@example.com	f	./src/images/none_profile.png	\N	2024-03-20 07:10:09.421316+00	2024-03-20 07:10:09.421316+00	\N	OFFLINE
79	user79	user79@example.com	f	./src/images/none_profile.png	\N	2024-03-20 07:10:09.421316+00	2024-03-20 07:10:09.421316+00	\N	OFFLINE
103	user103	user103@example.com	f	./src/images/none_profile.png	\N	2024-03-20 07:10:09.421316+00	2024-03-20 07:10:09.421316+00	\N	OFFLINE
47	user47	user47@example.com	f	./src/images/none_profile.png	\N	2024-03-20 07:10:09.421316+00	2024-03-20 07:10:09.421316+00	\N	OFFLINE
101	user101	user101@example.com	f	./src/images/none_profile.png	\N	2024-03-20 07:10:09.421316+00	2024-03-20 07:10:09.421316+00	\N	OFFLINE
67	user67	user67@example.com	f	./src/images/none_profile.png	\N	2024-03-20 07:10:09.421316+00	2024-03-20 07:10:09.421316+00	\N	OFFLINE
13	user13	user13@example.com	f	./src/images/none_profile.png	\N	2024-03-20 07:10:09.421316+00	2024-03-20 07:10:09.421316+00	\N	OFFLINE
71	user71	user71@example.com	f	./src/images/none_profile.png	\N	2024-03-20 07:10:09.421316+00	2024-03-20 07:10:09.421316+00	\N	OFFLINE
9	user9	user9@example.com	f	./src/images/none_profile.png	\N	2024-03-20 07:10:09.421316+00	2024-03-20 07:10:09.421316+00	\N	OFFLINE
91	user91	user91@example.com	f	./src/images/none_profile.png	\N	2024-03-20 07:10:09.421316+00	2024-03-20 07:10:09.421316+00	\N	OFFLINE
29	user29	user29@example.com	f	./src/images/none_profile.png	\N	2024-03-20 07:10:09.421316+00	2024-03-20 07:10:09.421316+00	\N	OFFLINE
60	user60	user60@example.com	f	./src/images/none_profile.png	\N	2024-03-20 07:10:09.421316+00	2024-03-20 07:10:09.421316+00	\N	OFFLINE
83	user83	user83@example.com	f	./src/images/none_profile.png	\N	2024-03-20 07:10:09.421316+00	2024-03-20 07:10:09.421316+00	\N	OFFLINE
87	user87	user87@example.com	f	./src/images/none_profile.png	\N	2024-03-20 07:10:09.421316+00	2024-03-20 07:10:09.421316+00	\N	OFFLINE
56	user56	user56@example.com	f	./src/images/none_profile.png	\N	2024-03-20 07:10:09.421316+00	2024-03-20 07:10:09.421316+00	\N	OFFLINE
95	user95	user95@example.com	f	./src/images/none_profile.png	\N	2024-03-20 07:10:09.421316+00	2024-03-20 07:10:09.421316+00	\N	OFFLINE
62	user62	user62@example.com	f	./src/images/none_profile.png	\N	2024-03-20 07:10:09.421316+00	2024-03-20 07:10:09.421316+00	\N	OFFLINE
32	user32	user32@example.com	f	./src/images/none_profile.png	\N	2024-03-20 07:10:09.421316+00	2024-03-20 07:10:09.421316+00	\N	OFFLINE
36	user36	user36@example.com	f	./src/images/none_profile.png	\N	2024-03-20 07:10:09.421316+00	2024-03-20 07:10:09.421316+00	\N	OFFLINE
27	user27	user27@example.com	f	./src/images/none_profile.png	\N	2024-03-20 07:10:09.421316+00	2024-03-20 07:10:09.421316+00	\N	OFFLINE
34	user34	user34@example.com	f	./src/images/none_profile.png	\N	2024-03-20 07:10:09.421316+00	2024-03-20 07:10:09.421316+00	\N	OFFLINE
105	user105	user105@example.com	f	./src/images/none_profile.png	\N	2024-03-20 07:10:09.421316+00	2024-03-20 07:10:09.421316+00	\N	OFFLINE
25	user25	user25@example.com	f	./src/images/none_profile.png	\N	2024-03-20 07:10:09.421316+00	2024-03-20 07:10:09.421316+00	\N	OFFLINE
18	user18	user18@example.com	f	./src/images/none_profile.png	\N	2024-03-20 07:10:09.421316+00	2024-03-20 07:10:09.421316+00	\N	OFFLINE
49	user49	user49@example.com	f	./src/images/none_profile.png	\N	2024-03-20 07:10:09.421316+00	2024-03-20 07:10:09.421316+00	\N	OFFLINE
33	user33	user33@example.com	f	./src/images/none_profile.png	\N	2024-03-20 07:10:09.421316+00	2024-03-20 07:10:09.421316+00	\N	OFFLINE
77	user77	user77@example.com	f	./src/images/none_profile.png	\N	2024-03-20 07:10:09.421316+00	2024-03-20 07:10:09.421316+00	\N	OFFLINE
74	user74	user74@example.com	f	./src/images/none_profile.png	\N	2024-03-20 07:10:09.421316+00	2024-03-20 07:10:09.421316+00	\N	OFFLINE
93	user93	user93@example.com	f	./src/images/none_profile.png	\N	2024-03-20 07:10:09.421316+00	2024-03-20 07:10:09.421316+00	\N	OFFLINE
19	user19	user19@example.com	f	./src/images/none_profile.png	\N	2024-03-20 07:10:09.421316+00	2024-03-20 07:10:09.421316+00	\N	OFFLINE
21	user21	user21@example.com	f	./src/images/none_profile.png	\N	2024-03-20 07:10:09.421316+00	2024-03-20 07:10:09.421316+00	\N	OFFLINE
48	user48	user48@example.com	f	./src/images/none_profile.png	\N	2024-03-20 07:10:09.421316+00	2024-03-20 07:10:09.421316+00	\N	OFFLINE
90	user90	user90@example.com	f	./src/images/none_profile.png	\N	2024-03-20 07:10:09.421316+00	2024-03-20 07:10:09.421316+00	\N	OFFLINE
96	user96	user96@example.com	f	./src/images/none_profile.png	\N	2024-03-20 07:10:09.421316+00	2024-03-20 07:10:09.421316+00	\N	OFFLINE
97	user97	user97@example.com	f	./src/images/none_profile.png	\N	2024-03-20 07:10:09.421316+00	2024-03-20 07:10:09.421316+00	\N	OFFLINE
99	user99	user99@example.com	f	./src/images/none_profile.png	\N	2024-03-20 07:10:09.421316+00	2024-03-20 07:10:09.421316+00	\N	OFFLINE
98	user98	user98@example.com	f	./src/images/none_profile.png	\N	2024-03-20 07:10:09.421316+00	2024-03-20 07:10:09.421316+00	\N	OFFLINE
16	user16	user16@example.com	f	./src/images/none_profile.png	\N	2024-03-20 07:10:09.421316+00	2024-03-20 07:10:09.421316+00	\N	OFFLINE
20	user20	user20@example.com	f	./src/images/none_profile.png	\N	2024-03-20 07:10:09.421316+00	2024-03-20 07:10:09.421316+00	\N	OFFLINE
76	user76	user76@example.com	f	./src/images/none_profile.png	\N	2024-03-20 07:10:09.421316+00	2024-03-20 07:10:09.421316+00	\N	OFFLINE
72	user72	user72@example.com	f	./src/images/none_profile.png	\N	2024-03-20 07:10:09.421316+00	2024-03-20 07:10:09.421316+00	\N	OFFLINE
75	user75	user75@example.com	f	./src/images/none_profile.png	\N	2024-03-20 07:10:09.421316+00	2024-03-20 07:10:09.421316+00	\N	OFFLINE
46	user46	user46@example.com	f	./src/images/none_profile.png	\N	2024-03-20 07:10:09.421316+00	2024-03-20 07:10:09.421316+00	\N	OFFLINE
38	user38	user38@example.com	f	./src/images/none_profile.png	\N	2024-03-20 07:10:09.421316+00	2024-03-20 07:10:09.421316+00	\N	OFFLINE
30	user30	user30@example.com	f	./src/images/none_profile.png	\N	2024-03-20 07:10:09.421316+00	2024-03-20 07:10:09.421316+00	\N	OFFLINE
53	user53	user53@example.com	f	./src/images/none_profile.png	\N	2024-03-20 07:10:09.421316+00	2024-03-20 07:10:09.421316+00	\N	OFFLINE
61	user61	user61@example.com	f	./src/images/none_profile.png	\N	2024-03-20 07:10:09.421316+00	2024-03-20 07:10:09.421316+00	\N	OFFLINE
80	user80	user80@example.com	f	./src/images/none_profile.png	\N	2024-03-20 07:10:09.421316+00	2024-03-20 07:10:09.421316+00	\N	OFFLINE
70	user70	user70@example.com	f	./src/images/none_profile.png	\N	2024-03-20 07:10:09.421316+00	2024-03-20 07:10:09.421316+00	\N	OFFLINE
12	user12	user12@example.com	f	./src/images/none_profile.png	\N	2024-03-20 07:10:09.421316+00	2024-03-20 07:10:09.421316+00	\N	OFFLINE
88	user88	user88@example.com	f	./src/images/none_profile.png	\N	2024-03-20 07:10:09.421316+00	2024-03-20 07:10:09.421316+00	\N	OFFLINE
86	user86	user86@example.com	f	./src/images/none_profile.png	\N	2024-03-20 07:10:09.421316+00	2024-03-20 07:10:09.421316+00	\N	OFFLINE
78	user78	user78@example.com	f	./src/images/none_profile.png	\N	2024-03-20 07:10:09.421316+00	2024-03-20 07:10:09.421316+00	\N	OFFLINE
100	user100	user100@example.com	f	./src/images/none_profile.png	\N	2024-03-20 07:10:09.421316+00	2024-03-20 07:10:09.421316+00	\N	OFFLINE
44	user44	user44@example.com	f	./src/images/none_profile.png	\N	2024-03-20 07:10:09.421316+00	2024-03-20 07:10:09.421316+00	\N	OFFLINE
51	user51	user51@example.com	f	./src/images/none_profile.png	\N	2024-03-20 07:10:09.421316+00	2024-03-20 07:10:09.421316+00	\N	OFFLINE
55	user55	user55@example.com	f	./src/images/none_profile.png	\N	2024-03-20 07:10:09.421316+00	2024-03-20 07:10:09.421316+00	\N	OFFLINE
40	user40	user40@example.com	f	./src/images/none_profile.png	\N	2024-03-20 07:10:09.421316+00	2024-03-20 07:10:09.421316+00	\N	OFFLINE
82	user82	user82@example.com	f	./src/images/none_profile.png	\N	2024-03-20 07:10:09.421316+00	2024-03-20 07:10:09.421316+00	\N	OFFLINE
63	user63	user63@example.com	f	./src/images/none_profile.png	\N	2024-03-20 07:10:09.421316+00	2024-03-20 07:10:09.421316+00	\N	OFFLINE
14	user14	user14@example.com	f	./src/images/none_profile.png	\N	2024-03-20 07:10:09.421316+00	2024-03-20 07:10:09.421316+00	\N	OFFLINE
92	user92	user92@example.com	f	./src/images/none_profile.png	\N	2024-03-20 07:10:09.421316+00	2024-03-20 07:10:09.421316+00	\N	OFFLINE
59	user59	user59@example.com	f	./src/images/none_profile.png	\N	2024-03-20 07:10:09.421316+00	2024-03-20 07:10:09.421316+00	\N	OFFLINE
64	user64	user64@example.com	f	./src/images/none_profile.png	\N	2024-03-20 07:10:09.421316+00	2024-03-20 07:10:09.421316+00	\N	OFFLINE
94	user94	user94@example.com	f	./src/images/none_profile.png	\N	2024-03-20 07:10:09.421316+00	2024-03-20 07:10:09.421316+00	\N	OFFLINE
68	user68	user68@example.com	f	./src/images/none_profile.png	\N	2024-03-20 07:10:09.421316+00	2024-03-20 07:10:09.421316+00	\N	OFFLINE
106	user106	user106@example.com	f	./src/images/none_profile.png	\N	2024-03-20 07:10:09.421316+00	2024-03-20 07:10:09.421316+00	\N	OFFLINE
104	user104	user104@example.com	f	./src/images/none_profile.png	\N	2024-03-20 07:10:09.421316+00	2024-03-20 07:10:09.421316+00	\N	OFFLINE
28	user28	user28@example.com	f	./src/images/none_profile.png	\N	2024-03-20 07:10:09.421316+00	2024-03-20 07:10:09.421316+00	\N	OFFLINE
66	user66	user66@example.com	f	./src/images/none_profile.png	\N	2024-03-20 07:10:09.421316+00	2024-03-20 07:10:09.421316+00	\N	OFFLINE
39	user39	user39@example.com	f	./src/images/none_profile.png	\N	2024-03-20 07:10:09.421316+00	2024-03-20 07:10:09.421316+00	\N	OFFLINE
35	user35	user35@example.com	f	./src/images/none_profile.png	\N	2024-03-20 07:10:09.421316+00	2024-03-20 07:10:09.421316+00	\N	OFFLINE
24	user24	user24@example.com	f	./src/images/none_profile.png	\N	2024-03-20 07:10:09.421316+00	2024-03-20 07:10:09.421316+00	\N	OFFLINE
26	user26	user26@example.com	f	./src/images/none_profile.png	\N	2024-03-20 07:10:09.421316+00	2024-03-20 07:10:09.421316+00	\N	OFFLINE
22	user22	user22@example.com	f	./src/images/none_profile.png	\N	2024-03-20 07:10:09.421316+00	2024-03-20 07:10:09.421316+00	\N	OFFLINE
102	user102	user102@example.com	f	./src/images/none_profile.png	\N	2024-03-20 07:10:09.421316+00	2024-03-20 07:10:09.421316+00	\N	OFFLINE
37	user37	user37@example.com	f	./src/images/none_profile.png	\N	2024-03-20 07:10:09.421316+00	2024-03-20 07:10:09.421316+00	\N	OFFLINE
\.


--
-- Data for Name: otp_totp_totpdevice; Type: TABLE DATA; Schema: public; Owner: user
--

COPY public.otp_totp_totpdevice (id, name, confirmed, key, step, t0, digits, tolerance, drift, last_t, user_id, throttling_failure_count, throttling_failure_timestamp) FROM stdin;
\.


--
-- Data for Name: participant; Type: TABLE DATA; Schema: public; Owner: user
--

COPY public.participant (id, score, result, opponent_id, game_id_id, user_id_id) FROM stdin;
\.


--
-- Data for Name: tournament_game; Type: TABLE DATA; Schema: public; Owner: user
--

COPY public.tournament_game (id, round, game_id_id, tournament_id_id) FROM stdin;
\.


--
-- Data for Name: tournaments_tournament; Type: TABLE DATA; Schema: public; Owner: user
--

COPY public.tournaments_tournament (id) FROM stdin;
\.


--
-- Name: auth_group_id_seq; Type: SEQUENCE SET; Schema: public; Owner: user
--

SELECT pg_catalog.setval('public.auth_group_id_seq', 1, false);


--
-- Name: auth_group_permissions_id_seq; Type: SEQUENCE SET; Schema: public; Owner: user
--

SELECT pg_catalog.setval('public.auth_group_permissions_id_seq', 1, false);


--
-- Name: auth_permission_id_seq; Type: SEQUENCE SET; Schema: public; Owner: user
--

SELECT pg_catalog.setval('public.auth_permission_id_seq', 56, true);


--
-- Name: auth_user_groups_id_seq; Type: SEQUENCE SET; Schema: public; Owner: user
--

SELECT pg_catalog.setval('public.auth_user_groups_id_seq', 1, false);


--
-- Name: auth_user_id_seq; Type: SEQUENCE SET; Schema: public; Owner: user
--

SELECT pg_catalog.setval('public.auth_user_id_seq', 1, false);


--
-- Name: auth_user_user_permissions_id_seq; Type: SEQUENCE SET; Schema: public; Owner: user
--

SELECT pg_catalog.setval('public.auth_user_user_permissions_id_seq', 1, false);


--
-- Name: block_id_seq; Type: SEQUENCE SET; Schema: public; Owner: user
--

SELECT pg_catalog.setval('public.block_id_seq', 1, false);


--
-- Name: django_admin_log_id_seq; Type: SEQUENCE SET; Schema: public; Owner: user
--

SELECT pg_catalog.setval('public.django_admin_log_id_seq', 1, false);


--
-- Name: django_content_type_id_seq; Type: SEQUENCE SET; Schema: public; Owner: user
--

SELECT pg_catalog.setval('public.django_content_type_id_seq', 14, true);


--
-- Name: django_migrations_id_seq; Type: SEQUENCE SET; Schema: public; Owner: user
--

SELECT pg_catalog.setval('public.django_migrations_id_seq', 24, true);


--
-- Name: friend_id_seq; Type: SEQUENCE SET; Schema: public; Owner: user
--

SELECT pg_catalog.setval('public.friend_id_seq', 522, true);


--
-- Name: game_id_seq; Type: SEQUENCE SET; Schema: public; Owner: user
--

SELECT pg_catalog.setval('public.game_id_seq', 1, false);


--
-- Name: members_id_seq; Type: SEQUENCE SET; Schema: public; Owner: user
--

SELECT pg_catalog.setval('public.members_id_seq', 1, true);


--
-- Name: otp_totp_totpdevice_id_seq; Type: SEQUENCE SET; Schema: public; Owner: user
--

SELECT pg_catalog.setval('public.otp_totp_totpdevice_id_seq', 1, false);


--
-- Name: participant_id_seq; Type: SEQUENCE SET; Schema: public; Owner: user
--

SELECT pg_catalog.setval('public.participant_id_seq', 1, false);


--
-- Name: tournament_game_id_seq; Type: SEQUENCE SET; Schema: public; Owner: user
--

SELECT pg_catalog.setval('public.tournament_game_id_seq', 1, false);


--
-- Name: tournaments_tournament_id_seq; Type: SEQUENCE SET; Schema: public; Owner: user
--

SELECT pg_catalog.setval('public.tournaments_tournament_id_seq', 1, false);


--
-- Name: participant PK_PARTICIPANT; Type: CONSTRAINT; Schema: public; Owner: user
--

ALTER TABLE ONLY public.participant
    ADD CONSTRAINT "PK_PARTICIPANT" UNIQUE (user_id_id, game_id_id);


--
-- Name: block PK_PARTICIPANT_BLOCK; Type: CONSTRAINT; Schema: public; Owner: user
--

ALTER TABLE ONLY public.block
    ADD CONSTRAINT "PK_PARTICIPANT_BLOCK" UNIQUE (user_id, target_id);


--
-- Name: friend PK_PARTICIPANT_FRIEND; Type: CONSTRAINT; Schema: public; Owner: user
--

ALTER TABLE ONLY public.friend
    ADD CONSTRAINT "PK_PARTICIPANT_FRIEND" UNIQUE (user_id, target_id);


--
-- Name: tournament_game PK_TOURNAMENT_GAME; Type: CONSTRAINT; Schema: public; Owner: user
--

ALTER TABLE ONLY public.tournament_game
    ADD CONSTRAINT "PK_TOURNAMENT_GAME" UNIQUE (game_id_id, tournament_id_id);


--
-- Name: auth_group auth_group_name_key; Type: CONSTRAINT; Schema: public; Owner: user
--

ALTER TABLE ONLY public.auth_group
    ADD CONSTRAINT auth_group_name_key UNIQUE (name);


--
-- Name: auth_group_permissions auth_group_permissions_group_id_permission_id_0cd325b0_uniq; Type: CONSTRAINT; Schema: public; Owner: user
--

ALTER TABLE ONLY public.auth_group_permissions
    ADD CONSTRAINT auth_group_permissions_group_id_permission_id_0cd325b0_uniq UNIQUE (group_id, permission_id);


--
-- Name: auth_group_permissions auth_group_permissions_pkey; Type: CONSTRAINT; Schema: public; Owner: user
--

ALTER TABLE ONLY public.auth_group_permissions
    ADD CONSTRAINT auth_group_permissions_pkey PRIMARY KEY (id);


--
-- Name: auth_group auth_group_pkey; Type: CONSTRAINT; Schema: public; Owner: user
--

ALTER TABLE ONLY public.auth_group
    ADD CONSTRAINT auth_group_pkey PRIMARY KEY (id);


--
-- Name: auth_permission auth_permission_content_type_id_codename_01ab375a_uniq; Type: CONSTRAINT; Schema: public; Owner: user
--

ALTER TABLE ONLY public.auth_permission
    ADD CONSTRAINT auth_permission_content_type_id_codename_01ab375a_uniq UNIQUE (content_type_id, codename);


--
-- Name: auth_permission auth_permission_pkey; Type: CONSTRAINT; Schema: public; Owner: user
--

ALTER TABLE ONLY public.auth_permission
    ADD CONSTRAINT auth_permission_pkey PRIMARY KEY (id);


--
-- Name: auth_user_groups auth_user_groups_pkey; Type: CONSTRAINT; Schema: public; Owner: user
--

ALTER TABLE ONLY public.auth_user_groups
    ADD CONSTRAINT auth_user_groups_pkey PRIMARY KEY (id);


--
-- Name: auth_user_groups auth_user_groups_user_id_group_id_94350c0c_uniq; Type: CONSTRAINT; Schema: public; Owner: user
--

ALTER TABLE ONLY public.auth_user_groups
    ADD CONSTRAINT auth_user_groups_user_id_group_id_94350c0c_uniq UNIQUE (user_id, group_id);


--
-- Name: auth_user auth_user_pkey; Type: CONSTRAINT; Schema: public; Owner: user
--

ALTER TABLE ONLY public.auth_user
    ADD CONSTRAINT auth_user_pkey PRIMARY KEY (id);


--
-- Name: auth_user_user_permissions auth_user_user_permissions_pkey; Type: CONSTRAINT; Schema: public; Owner: user
--

ALTER TABLE ONLY public.auth_user_user_permissions
    ADD CONSTRAINT auth_user_user_permissions_pkey PRIMARY KEY (id);


--
-- Name: auth_user_user_permissions auth_user_user_permissions_user_id_permission_id_14a6b632_uniq; Type: CONSTRAINT; Schema: public; Owner: user
--

ALTER TABLE ONLY public.auth_user_user_permissions
    ADD CONSTRAINT auth_user_user_permissions_user_id_permission_id_14a6b632_uniq UNIQUE (user_id, permission_id);


--
-- Name: auth_user auth_user_username_key; Type: CONSTRAINT; Schema: public; Owner: user
--

ALTER TABLE ONLY public.auth_user
    ADD CONSTRAINT auth_user_username_key UNIQUE (username);


--
-- Name: block block_pkey; Type: CONSTRAINT; Schema: public; Owner: user
--

ALTER TABLE ONLY public.block
    ADD CONSTRAINT block_pkey PRIMARY KEY (id);


--
-- Name: django_admin_log django_admin_log_pkey; Type: CONSTRAINT; Schema: public; Owner: user
--

ALTER TABLE ONLY public.django_admin_log
    ADD CONSTRAINT django_admin_log_pkey PRIMARY KEY (id);


--
-- Name: django_content_type django_content_type_app_label_model_76bd3d3b_uniq; Type: CONSTRAINT; Schema: public; Owner: user
--

ALTER TABLE ONLY public.django_content_type
    ADD CONSTRAINT django_content_type_app_label_model_76bd3d3b_uniq UNIQUE (app_label, model);


--
-- Name: django_content_type django_content_type_pkey; Type: CONSTRAINT; Schema: public; Owner: user
--

ALTER TABLE ONLY public.django_content_type
    ADD CONSTRAINT django_content_type_pkey PRIMARY KEY (id);


--
-- Name: django_migrations django_migrations_pkey; Type: CONSTRAINT; Schema: public; Owner: user
--

ALTER TABLE ONLY public.django_migrations
    ADD CONSTRAINT django_migrations_pkey PRIMARY KEY (id);


--
-- Name: django_session django_session_pkey; Type: CONSTRAINT; Schema: public; Owner: user
--

ALTER TABLE ONLY public.django_session
    ADD CONSTRAINT django_session_pkey PRIMARY KEY (session_key);


--
-- Name: friend friend_pkey; Type: CONSTRAINT; Schema: public; Owner: user
--

ALTER TABLE ONLY public.friend
    ADD CONSTRAINT friend_pkey PRIMARY KEY (id);


--
-- Name: game game_pkey; Type: CONSTRAINT; Schema: public; Owner: user
--

ALTER TABLE ONLY public.game
    ADD CONSTRAINT game_pkey PRIMARY KEY (id);


--
-- Name: members members_pkey; Type: CONSTRAINT; Schema: public; Owner: user
--

ALTER TABLE ONLY public.members
    ADD CONSTRAINT members_pkey PRIMARY KEY (id);


--
-- Name: otp_totp_totpdevice otp_totp_totpdevice_pkey; Type: CONSTRAINT; Schema: public; Owner: user
--

ALTER TABLE ONLY public.otp_totp_totpdevice
    ADD CONSTRAINT otp_totp_totpdevice_pkey PRIMARY KEY (id);


--
-- Name: participant participant_pkey; Type: CONSTRAINT; Schema: public; Owner: user
--

ALTER TABLE ONLY public.participant
    ADD CONSTRAINT participant_pkey PRIMARY KEY (id);


--
-- Name: tournament_game tournament_game_pkey; Type: CONSTRAINT; Schema: public; Owner: user
--

ALTER TABLE ONLY public.tournament_game
    ADD CONSTRAINT tournament_game_pkey PRIMARY KEY (id);


--
-- Name: tournaments_tournament tournaments_tournament_pkey; Type: CONSTRAINT; Schema: public; Owner: user
--

ALTER TABLE ONLY public.tournaments_tournament
    ADD CONSTRAINT tournaments_tournament_pkey PRIMARY KEY (id);


--
-- Name: auth_group_name_a6ea08ec_like; Type: INDEX; Schema: public; Owner: user
--

CREATE INDEX auth_group_name_a6ea08ec_like ON public.auth_group USING btree (name varchar_pattern_ops);


--
-- Name: auth_group_permissions_group_id_b120cbf9; Type: INDEX; Schema: public; Owner: user
--

CREATE INDEX auth_group_permissions_group_id_b120cbf9 ON public.auth_group_permissions USING btree (group_id);


--
-- Name: auth_group_permissions_permission_id_84c5c92e; Type: INDEX; Schema: public; Owner: user
--

CREATE INDEX auth_group_permissions_permission_id_84c5c92e ON public.auth_group_permissions USING btree (permission_id);


--
-- Name: auth_permission_content_type_id_2f476e4b; Type: INDEX; Schema: public; Owner: user
--

CREATE INDEX auth_permission_content_type_id_2f476e4b ON public.auth_permission USING btree (content_type_id);


--
-- Name: auth_user_groups_group_id_97559544; Type: INDEX; Schema: public; Owner: user
--

CREATE INDEX auth_user_groups_group_id_97559544 ON public.auth_user_groups USING btree (group_id);


--
-- Name: auth_user_groups_user_id_6a12ed8b; Type: INDEX; Schema: public; Owner: user
--

CREATE INDEX auth_user_groups_user_id_6a12ed8b ON public.auth_user_groups USING btree (user_id);


--
-- Name: auth_user_user_permissions_permission_id_1fbb5f2c; Type: INDEX; Schema: public; Owner: user
--

CREATE INDEX auth_user_user_permissions_permission_id_1fbb5f2c ON public.auth_user_user_permissions USING btree (permission_id);


--
-- Name: auth_user_user_permissions_user_id_a95ead1b; Type: INDEX; Schema: public; Owner: user
--

CREATE INDEX auth_user_user_permissions_user_id_a95ead1b ON public.auth_user_user_permissions USING btree (user_id);


--
-- Name: auth_user_username_6821ab7c_like; Type: INDEX; Schema: public; Owner: user
--

CREATE INDEX auth_user_username_6821ab7c_like ON public.auth_user USING btree (username varchar_pattern_ops);


--
-- Name: block_target_id_95c836ec; Type: INDEX; Schema: public; Owner: user
--

CREATE INDEX block_target_id_95c836ec ON public.block USING btree (target_id);


--
-- Name: block_user_id_5a719107; Type: INDEX; Schema: public; Owner: user
--

CREATE INDEX block_user_id_5a719107 ON public.block USING btree (user_id);


--
-- Name: django_admin_log_content_type_id_c4bce8eb; Type: INDEX; Schema: public; Owner: user
--

CREATE INDEX django_admin_log_content_type_id_c4bce8eb ON public.django_admin_log USING btree (content_type_id);


--
-- Name: django_admin_log_user_id_c564eba6; Type: INDEX; Schema: public; Owner: user
--

CREATE INDEX django_admin_log_user_id_c564eba6 ON public.django_admin_log USING btree (user_id);


--
-- Name: django_session_expire_date_a5c62663; Type: INDEX; Schema: public; Owner: user
--

CREATE INDEX django_session_expire_date_a5c62663 ON public.django_session USING btree (expire_date);


--
-- Name: django_session_session_key_c0390e0f_like; Type: INDEX; Schema: public; Owner: user
--

CREATE INDEX django_session_session_key_c0390e0f_like ON public.django_session USING btree (session_key varchar_pattern_ops);


--
-- Name: friend_target_id_6af1afbb; Type: INDEX; Schema: public; Owner: user
--

CREATE INDEX friend_target_id_6af1afbb ON public.friend USING btree (target_id);


--
-- Name: friend_user_id_02feae12; Type: INDEX; Schema: public; Owner: user
--

CREATE INDEX friend_user_id_02feae12 ON public.friend USING btree (user_id);


--
-- Name: otp_totp_totpdevice_user_id_0fb18292; Type: INDEX; Schema: public; Owner: user
--

CREATE INDEX otp_totp_totpdevice_user_id_0fb18292 ON public.otp_totp_totpdevice USING btree (user_id);


--
-- Name: participant_game_id_id_3e271599; Type: INDEX; Schema: public; Owner: user
--

CREATE INDEX participant_game_id_id_3e271599 ON public.participant USING btree (game_id_id);


--
-- Name: participant_user_id_id_457ee57c; Type: INDEX; Schema: public; Owner: user
--

CREATE INDEX participant_user_id_id_457ee57c ON public.participant USING btree (user_id_id);


--
-- Name: tournament_game_game_id_id_429e6ece; Type: INDEX; Schema: public; Owner: user
--

CREATE INDEX tournament_game_game_id_id_429e6ece ON public.tournament_game USING btree (game_id_id);


--
-- Name: tournament_game_tournament_id_id_210f78e1; Type: INDEX; Schema: public; Owner: user
--

CREATE INDEX tournament_game_tournament_id_id_210f78e1 ON public.tournament_game USING btree (tournament_id_id);


--
-- Name: auth_group_permissions auth_group_permissio_permission_id_84c5c92e_fk_auth_perm; Type: FK CONSTRAINT; Schema: public; Owner: user
--

ALTER TABLE ONLY public.auth_group_permissions
    ADD CONSTRAINT auth_group_permissio_permission_id_84c5c92e_fk_auth_perm FOREIGN KEY (permission_id) REFERENCES public.auth_permission(id) DEFERRABLE INITIALLY DEFERRED;


--
-- Name: auth_group_permissions auth_group_permissions_group_id_b120cbf9_fk_auth_group_id; Type: FK CONSTRAINT; Schema: public; Owner: user
--

ALTER TABLE ONLY public.auth_group_permissions
    ADD CONSTRAINT auth_group_permissions_group_id_b120cbf9_fk_auth_group_id FOREIGN KEY (group_id) REFERENCES public.auth_group(id) DEFERRABLE INITIALLY DEFERRED;


--
-- Name: auth_permission auth_permission_content_type_id_2f476e4b_fk_django_co; Type: FK CONSTRAINT; Schema: public; Owner: user
--

ALTER TABLE ONLY public.auth_permission
    ADD CONSTRAINT auth_permission_content_type_id_2f476e4b_fk_django_co FOREIGN KEY (content_type_id) REFERENCES public.django_content_type(id) DEFERRABLE INITIALLY DEFERRED;


--
-- Name: auth_user_groups auth_user_groups_group_id_97559544_fk_auth_group_id; Type: FK CONSTRAINT; Schema: public; Owner: user
--

ALTER TABLE ONLY public.auth_user_groups
    ADD CONSTRAINT auth_user_groups_group_id_97559544_fk_auth_group_id FOREIGN KEY (group_id) REFERENCES public.auth_group(id) DEFERRABLE INITIALLY DEFERRED;


--
-- Name: auth_user_groups auth_user_groups_user_id_6a12ed8b_fk_auth_user_id; Type: FK CONSTRAINT; Schema: public; Owner: user
--

ALTER TABLE ONLY public.auth_user_groups
    ADD CONSTRAINT auth_user_groups_user_id_6a12ed8b_fk_auth_user_id FOREIGN KEY (user_id) REFERENCES public.auth_user(id) DEFERRABLE INITIALLY DEFERRED;


--
-- Name: auth_user_user_permissions auth_user_user_permi_permission_id_1fbb5f2c_fk_auth_perm; Type: FK CONSTRAINT; Schema: public; Owner: user
--

ALTER TABLE ONLY public.auth_user_user_permissions
    ADD CONSTRAINT auth_user_user_permi_permission_id_1fbb5f2c_fk_auth_perm FOREIGN KEY (permission_id) REFERENCES public.auth_permission(id) DEFERRABLE INITIALLY DEFERRED;


--
-- Name: auth_user_user_permissions auth_user_user_permissions_user_id_a95ead1b_fk_auth_user_id; Type: FK CONSTRAINT; Schema: public; Owner: user
--

ALTER TABLE ONLY public.auth_user_user_permissions
    ADD CONSTRAINT auth_user_user_permissions_user_id_a95ead1b_fk_auth_user_id FOREIGN KEY (user_id) REFERENCES public.auth_user(id) DEFERRABLE INITIALLY DEFERRED;


--
-- Name: block block_target_id_95c836ec_fk_members_id; Type: FK CONSTRAINT; Schema: public; Owner: user
--

ALTER TABLE ONLY public.block
    ADD CONSTRAINT block_target_id_95c836ec_fk_members_id FOREIGN KEY (target_id) REFERENCES public.members(id) DEFERRABLE INITIALLY DEFERRED;


--
-- Name: block block_user_id_5a719107_fk_members_id; Type: FK CONSTRAINT; Schema: public; Owner: user
--

ALTER TABLE ONLY public.block
    ADD CONSTRAINT block_user_id_5a719107_fk_members_id FOREIGN KEY (user_id) REFERENCES public.members(id) DEFERRABLE INITIALLY DEFERRED;


--
-- Name: django_admin_log django_admin_log_content_type_id_c4bce8eb_fk_django_co; Type: FK CONSTRAINT; Schema: public; Owner: user
--

ALTER TABLE ONLY public.django_admin_log
    ADD CONSTRAINT django_admin_log_content_type_id_c4bce8eb_fk_django_co FOREIGN KEY (content_type_id) REFERENCES public.django_content_type(id) DEFERRABLE INITIALLY DEFERRED;


--
-- Name: django_admin_log django_admin_log_user_id_c564eba6_fk_auth_user_id; Type: FK CONSTRAINT; Schema: public; Owner: user
--

ALTER TABLE ONLY public.django_admin_log
    ADD CONSTRAINT django_admin_log_user_id_c564eba6_fk_auth_user_id FOREIGN KEY (user_id) REFERENCES public.auth_user(id) DEFERRABLE INITIALLY DEFERRED;


--
-- Name: friend friend_target_id_6af1afbb_fk_members_id; Type: FK CONSTRAINT; Schema: public; Owner: user
--

ALTER TABLE ONLY public.friend
    ADD CONSTRAINT friend_target_id_6af1afbb_fk_members_id FOREIGN KEY (target_id) REFERENCES public.members(id) DEFERRABLE INITIALLY DEFERRED;


--
-- Name: friend friend_user_id_02feae12_fk_members_id; Type: FK CONSTRAINT; Schema: public; Owner: user
--

ALTER TABLE ONLY public.friend
    ADD CONSTRAINT friend_user_id_02feae12_fk_members_id FOREIGN KEY (user_id) REFERENCES public.members(id) DEFERRABLE INITIALLY DEFERRED;


--
-- Name: otp_totp_totpdevice otp_totp_totpdevice_user_id_0fb18292_fk_auth_user_id; Type: FK CONSTRAINT; Schema: public; Owner: user
--

ALTER TABLE ONLY public.otp_totp_totpdevice
    ADD CONSTRAINT otp_totp_totpdevice_user_id_0fb18292_fk_auth_user_id FOREIGN KEY (user_id) REFERENCES public.auth_user(id) DEFERRABLE INITIALLY DEFERRED;


--
-- Name: participant participant_game_id_id_3e271599_fk_game_id; Type: FK CONSTRAINT; Schema: public; Owner: user
--

ALTER TABLE ONLY public.participant
    ADD CONSTRAINT participant_game_id_id_3e271599_fk_game_id FOREIGN KEY (game_id_id) REFERENCES public.game(id) DEFERRABLE INITIALLY DEFERRED;


--
-- Name: participant participant_user_id_id_457ee57c_fk_members_id; Type: FK CONSTRAINT; Schema: public; Owner: user
--

ALTER TABLE ONLY public.participant
    ADD CONSTRAINT participant_user_id_id_457ee57c_fk_members_id FOREIGN KEY (user_id_id) REFERENCES public.members(id) DEFERRABLE INITIALLY DEFERRED;


--
-- Name: tournament_game tournament_game_game_id_id_429e6ece_fk_game_id; Type: FK CONSTRAINT; Schema: public; Owner: user
--

ALTER TABLE ONLY public.tournament_game
    ADD CONSTRAINT tournament_game_game_id_id_429e6ece_fk_game_id FOREIGN KEY (game_id_id) REFERENCES public.game(id) DEFERRABLE INITIALLY DEFERRED;


--
-- Name: tournament_game tournament_game_tournament_id_id_210f78e1_fk_tournamen; Type: FK CONSTRAINT; Schema: public; Owner: user
--

ALTER TABLE ONLY public.tournament_game
    ADD CONSTRAINT tournament_game_tournament_id_id_210f78e1_fk_tournamen FOREIGN KEY (tournament_id_id) REFERENCES public.tournaments_tournament(id) DEFERRABLE INITIALLY DEFERRED;


--
-- PostgreSQL database dump complete
--

